{
    "name": "root",
    "gauges": {
        "AgentController.Policy.Entropy.mean": {
            "value": 1.4013975858688354,
            "min": 1.4013975858688354,
            "max": 1.4270025491714478,
            "count": 4
        },
        "AgentController.Policy.Entropy.sum": {
            "value": 70153.9609375,
            "min": 70153.9609375,
            "max": 71381.4765625,
            "count": 4
        },
        "AgentController.Step.mean": {
            "value": 199992.0,
            "min": 49985.0,
            "max": 199992.0,
            "count": 4
        },
        "AgentController.Step.sum": {
            "value": 199992.0,
            "min": 49985.0,
            "max": 199992.0,
            "count": 4
        },
        "AgentController.Policy.ExtrinsicValueEstimate.mean": {
            "value": 0.17118118703365326,
            "min": 0.17118118703365326,
            "max": 0.4585118889808655,
            "count": 4
        },
        "AgentController.Policy.ExtrinsicValueEstimate.sum": {
            "value": 133.8636932373047,
            "min": 133.8636932373047,
            "max": 364.0584411621094,
            "count": 4
        },
        "AgentController.Environment.EpisodeLength.mean": {
            "value": 444.64516129032256,
            "min": 422.5217391304348,
            "max": 444.64516129032256,
            "count": 2
        },
        "AgentController.Environment.EpisodeLength.sum": {
            "value": 13784.0,
            "min": 13784.0,
            "max": 48590.0,
            "count": 2
        },
        "AgentController.Environment.CumulativeReward.mean": {
            "value": 1.2258064516129032,
            "min": 0.6521739130434783,
            "max": 1.2258064516129032,
            "count": 2
        },
        "AgentController.Environment.CumulativeReward.sum": {
            "value": 38.0,
            "min": 38.0,
            "max": 75.0,
            "count": 2
        },
        "AgentController.Policy.ExtrinsicReward.mean": {
            "value": 1.2258064516129032,
            "min": 0.6521739130434783,
            "max": 1.2258064516129032,
            "count": 2
        },
        "AgentController.Policy.ExtrinsicReward.sum": {
            "value": 38.0,
            "min": 38.0,
            "max": 75.0,
            "count": 2
        },
        "AgentController.Losses.PolicyLoss.mean": {
            "value": 0.02362251644177983,
            "min": 0.022296117013320328,
            "max": 0.025845533174773058,
            "count": 4
        },
        "AgentController.Losses.PolicyLoss.sum": {
            "value": 0.11811258220889916,
            "min": 0.10338213269909223,
            "max": 0.12809416324986767,
            "count": 4
        },
        "AgentController.Losses.ValueLoss.mean": {
            "value": 0.00022361387122752302,
            "min": 0.00022361387122752302,
            "max": 0.09765808374698584,
            "count": 4
        },
        "AgentController.Losses.ValueLoss.sum": {
            "value": 0.001118069356137615,
            "min": 0.001118069356137615,
            "max": 0.39063233498794336,
            "count": 4
        },
        "AgentController.Policy.LearningRate.mean": {
            "value": 0.00019502691499104002,
            "min": 0.00019502691499104002,
            "max": 0.00028461225512925,
            "count": 4
        },
        "AgentController.Policy.LearningRate.sum": {
            "value": 0.0009751345749552001,
            "min": 0.0009751345749552001,
            "max": 0.0012843072718975999,
            "count": 4
        },
        "AgentController.Policy.Epsilon.mean": {
            "value": 0.16500896000000004,
            "min": 0.16500896000000004,
            "max": 0.19487074999999998,
            "count": 4
        },
        "AgentController.Policy.Epsilon.sum": {
            "value": 0.8250448000000001,
            "min": 0.7794829999999999,
            "max": 0.9281024000000002,
            "count": 4
        },
        "AgentController.Policy.Beta.mean": {
            "value": 0.0032539471039999997,
            "min": 0.0032539471039999997,
            "max": 0.004744050424999999,
            "count": 4
        },
        "AgentController.Policy.Beta.sum": {
            "value": 0.01626973552,
            "min": 0.01626973552,
            "max": 0.021412309759999998,
            "count": 4
        },
        "AgentController.IsTraining.mean": {
            "value": 1.0,
            "min": 1.0,
            "max": 1.0,
            "count": 4
        },
        "AgentController.IsTraining.sum": {
            "value": 1.0,
            "min": 1.0,
            "max": 1.0,
            "count": 4
        }
    },
    "metadata": {
        "timer_format_version": "0.1.0",
        "start_time_seconds": "1708906684",
        "python_version": "3.9.13 (tags/v3.9.13:6de2ca5, May 17 2022, 16:36:42) [MSC v.1929 64 bit (AMD64)]",
        "command_line_arguments": "C:\\GamesProject\\GIT\\Synaptica_MLMGP\\Synaptica_MLMGP\\venv\\Scripts\\mlagents-learn --run-id =enemyChaserRun5",
        "mlagents_version": "0.30.0",
        "mlagents_envs_version": "0.30.0",
        "communication_protocol_version": "1.5.0",
        "pytorch_version": "2.2.1+cpu",
        "numpy_version": "1.21.2",
        "end_time_seconds": "1708907075"
    },
    "total": 390.3773777,
    "count": 1,
    "self": 0.005875100000025668,
    "children": {
        "run_training.setup": {
            "total": 0.04003090000000009,
            "count": 1,
            "self": 0.04003090000000009
        },
        "TrainerController.start_learning": {
            "total": 390.3314717,
            "count": 1,
            "self": 0.4801917999948273,
            "children": {
                "TrainerController._reset_env": {
                    "total": 25.908903499999997,
                    "count": 1,
                    "self": 25.908903499999997
                },
                "TrainerController.advance": {
                    "total": 363.7410446000052,
                    "count": 21984,
                    "self": 0.42654700000235835,
                    "children": {
                        "env_step": {
                            "total": 308.404370000002,
                            "count": 21984,
                            "self": 275.90495870000404,
                            "children": {
                                "SubprocessEnvManager._take_step": {
                                    "total": 32.18667680000068,
                                    "count": 21984,
                                    "self": 1.670151700002588,
                                    "children": {
                                        "TorchPolicy.evaluate": {
                                            "total": 30.516525099998095,
                                            "count": 21871,
                                            "self": 30.516525099998095
                                        }
                                    }
                                },
                                "workers": {
                                    "total": 0.3127344999973083,
                                    "count": 21983,
                                    "self": 0.0,
                                    "children": {
                                        "worker_root": {
                                            "total": 301.56921140000196,
                                            "count": 21983,
                                            "is_parallel": true,
                                            "self": 116.18585980000168,
                                            "children": {
                                                "steps_from_proto": {
                                                    "total": 0.0005622000000009564,
                                                    "count": 1,