{
    "name": "root",
    "metadata": {
        "timer_format_version": "0.1.0",
        "start_time_seconds": "1708900304",
        "python_version": "3.9.13 (tags/v3.9.13:6de2ca5, May 17 2022, 16:36:42) [MSC v.1929 64 bit (AMD64)]",
        "command_line_arguments": "C:\\GamesProject\\GIT\\Synaptica_MLMGP\\Synaptica_MLMGP\\venv\\Scripts\\mlagents-learn --run-id =enemyChaserRun1",
        "mlagents_version": "0.30.0",
        "mlagents_envs_version": "0.30.0",
        "communication_protocol_version": "1.5.0",
        "pytorch_version": "2.2.1+cpu",
        "numpy_version": "1.21.2",
        "end_time_seconds": "1708900507"
    },
    "total": 203.1068608,
    "count": 1,
    "self": 0.007686399999982996,
    "children": {
        "run_training.setup": {
            "total": 0.07181190000000015,
            "count": 1,
            "self": 0.07181190000000015
        },
        "TrainerController.start_learning": {
            "total": 203.0273625,
            "count": 1,
            "self": 0.2337445000012508,
            "children": {
                "TrainerController._reset_env": {
                    "total": 30.488974600000002,
                    "count": 1,
                    "self": 30.488974600000002
                },
                "TrainerController.advance": {
                    "total": 172.14855879999874,
                    "count": 12907,
                    "self": 0.19863319999942064,
                    "children": {
                        "env_step": {
                            "total": 168.96858469999978,
                            "count": 12907,
                            "self": 152.464519300001,
                            "children": {
                                "SubprocessEnvManager._take_step": {
                                    "total": 16.34720939999937,
                                    "count": 12907,
                                    "self": 0.7626584000000278,
                                    "children": {
                                        "TorchPolicy.evaluate": {
                                            "total": 15.584550999999344,
                                            "count": 12907,
                                            "self": 15.584550999999344
                                        }
                                    }
                                },
                                "workers": {
                                    "total": 0.15685599999941502,
                                    "count": 12906,
                                    "self": 0.0,
                                    "children": {
                                        "worker_root": {
                                            "total": 111.28429430000115,
                                            "count": 12906,
                                            "is_parallel": true,
                                            "self": 33.540815600000116,
                                            "children": {
                                                "steps_from_proto": {
                                                    "total": 0.0022020000000004814,
                                                    "count": 1,
                                                    "is_parallel": true,
                                                    "self": 0.00027989999999888937,
                                                    "children": {
                                                        "_process_rank_one_or_two_observation": {
                                                            "total": 0.001922100000001592,
                                                            "count": 2,
                                                            "is_parallel": true,
                                                            "self": 0.001922100000001592
                                                        }
                                                    }
                                                },
                                                "UnityEnvironment.step": {
                                                    "total": 77.74127670000104,
                                                    "count": 12906,
                                                    "is_parallel": true,
                                                    "self": 1.0717914000030504,
                                                    "children": {
                                                        "UnityEnvironment._generate_step_input": {
                                                            "total": 1.086319399997926,
                                                            "count": 12906,
                                                            "is_parallel": true,
                                                            "self": 1.086319399997926
                                                        },
                                                        "communicator.exchange": {
                                                            "total": 72.30956930000055,
                                                            "count": 12906,
                                                            "is_parallel": true,
                                                            "self": 72.30956930000055
                                                        },
                                                        "steps_from_proto": {
                                                            "total": 3.273596599999518,
                                                            "count": 12906,
                                                            "is_parallel": true,
                                                            "self": 1.7659775999997898,
                                                            "children": {
                                                                "_process_rank_one_or_two_observation": {
                                                                    "total": 1.5076189999997283,
                                                                    "count": 25812,
                                                                    "is_parallel": true,
                                                                    "self": 1.5076189999997283
                                                                }
                                                            }
                                                        }
                                                    }
                                                }
                                            }
                                        }
                                    }
                                }
                            }
                        },
                        "trainer_advance": {
                            "total": 2.9813408999995374,
                            "count": 12906,
                            "self": 0.31529320000023375,
                            "children": {
                                "process_trajectory": {
                                    "total": 0.709504599999299,
                                    "count": 12906,
                                    "self": 0.709504599999299
                                },
                                "_update_policy": {
                                    "total": 1.9565431000000046,
                                    "count": 1,
                                    "self": 1.2962429999999756,
                                    "children": {
                                        "TorchPPOOptimizer.update": {
                                            "total": 0.660300100000029,
                                            "count": 30,